	Name	Twitter_Tweets	Twitter_Following	Twitter_Followers	Twitter_Likes	Facebook_Likes	Facebook_Followers	Telegram_Members	Google_Search_Results
0.0	Cindicator	2063	19	38700	347	5371	5956	7 960	230000
0.0	Viberate	1202	2037	36000	219	128392	130707	5 252	218000
0.0	Flixxo	308	786	6381	28	10176	10231	4 416	5
0.0	Pally	413	812	1116	122	6419	6465	449	684
0.0	BANER	29	1	279	2	283	294		1200000
0.0	IQeon					27838	28093	4 304	4170000
0.0	Fortknoxster	407	236	2975	209	2355	2420	2 596	13700
0.0	ICON	361	11	108000	168	6384	7477	21 446	78700
0.0	Solve.Care	294	2703	3543	70	2897	3054	28 636	295
0.0	BPC Platform	40	42	211	20	2922	2951	215	184000
0.0	Simple Token	1		49				301	878000
0.0	Naviaddress	198	573	10400	82	4784	4820	95 127	104000
0.0	Retainly	1174	11200	15600	463	4370	4535	17 353	10300
0.0	STeX					1911	2083	186	170
0.0	Zonto	144	7	3762	78	1365	1451		244
0.0	Graft Blockchain	332	101	2757	87			5 614	215000
0.0	VerifyUnion	303	4087	3831	158	1938	1974		35800
0.0	DropDeck	330	631	3205	85	2414	2501	538	46
0.0	BlockEx	1326	35	2166	246	578	622	5 725	651000
0.0	Hurify	1933	1337	12100	53	30162	31362		99200
0.0	ESR Wallet							1 053	374000
0.0	Nova Blitz	2409	177	2004	1843	1865	1861	982	442000
0.0	MARK.SPACE	148	5	2981	82	3649	3827	6 148	523
0.0	CarTaxi							1 526	182000
0.0	Refereum	958	339	55200	1042	38423	49442	125 604	172000
0.0	SyncFab	957	3676	8393	17600	8228	8380	9 728	155000
0.0	Lamden	390	277	12400	320	3295	3502	1 468	287
0.0	Gatcoin	445	133	4417	49	1880	2028	3 879	9400000
0.0	Repux	240	76	2999	126	4699	4930	8 156	505000
0.0	EQUI	586	149	3229	242	2971	3157	12 847	511
0.0	LiveEdu	55700	6129	9282	7405	20053	20113	14 270	502000
0.0	Javvy	309	6295	7423	318	610	620	24	2230
0.0	VISO	129	789	6956	547	6181	6346	8 021	103
0.0	CanYa	7		1380				3 631	626
0.0	Skrumble Network	2476	1747	2064	1408	5525	5547	50 410	192000
0.0	LAToken	557	295	8636	801	33999	35024	5 724	247000
0.0	Bankera	2384	501	25600	2092			20 370	418000
0.0	CIBUS	183	105	14700	12				303
0.0	iziBits		63	23	4	50	58	37	3210
0.0	Game Machine	185	26	849	12	15954	16303	1 612	570000
0.0	Bowhead Health	226	111	1868	43	1165	1271	941	131000
0.0	ATLANT	174	57	4166	16	13148	13590	4 926	1320
0.0	IMMLA	119	18	757	1	8272	8358	795	553000
0.0	ModulTrade	203	545	1719	35	8633	8724	3 500	26200
0.0	Pocketinns	260	13	1651	28	2615	2646		40000
0.0	Gimmer	758	2004	4909	4860	16271	16416		1500
0.0	Kora Network	182	49	11100	33	8923	9286	1 845	1220
0.0	SHIFT.cash	110	13	2143		4980	5249	2 755	98800
0.0	Lordmancer II	169	156	967	60	1205	1291	485	136000
0.0	ATBcoin	345	131	2888		18825	19731	2 093	310000
0.0	Propy	888	439	10400	1042	7096	7446	3 735	801000
0.0	HUNT.BET					753	778		449000
0.0	BitDegree	856	36	20600	4197	81104	81949	16 164	147000
0.0	TradePlayz	295	427	15900	185	9774	12680	16 771	6670
0.0	NeuroChain	452	496	2501	96	332	360	6 592	97500
0.0	SKARA	5022	758	4787	6552	127856	127573	933	381
0.0	Exchange Union	394	5038	13000	692				530000
0.0	Crypterium	1081	524	16500	409	33071	34953	32 377	199000
0.0	Blockbid	708	2993	2843	1194	5933	6031	3 599	32700
0.0	Goal Bonanza			8		11940	11988	1 810	377000
0.0	VIOLA.AI	672	184	1454	119	3715	3846	23 033	480000
0.0	Viewly	195	230	1315	399	963	992	231	128000
0.0	Requitix	292	1920	2998	21				10800
0.0	On.Live	139	11	3518	65	6274	6352	37 273	12400000
0.0	Velix.ID	461	568	5744	2154	9927	10099	21 040	129000
0.0	e-Chat	144		5180	2	47233	47615	4 187	1620
0.0	Beeqb	80	490	743	8	344	384	75	3930
0.0	BaapPay	76	8	667	17	5233	5252		82600
0.0	Eligma	535	309	8044	558	165904	166173	7 314	3
0.0	Lendingblock	355	4796	6571	492	265	298	7 478	143000
0.0	Digital Developers Fund	72	1914	1835	19	1014	1073	1 137	22800
0.0	Change Bank	290	11	7312	71	15066	15697	3 887	1220000
0.0	BeEasy	65	29	953	6	218	251	164	139000
0.0	Dorado	110	241	2480	22			9 630	235
0.0	Brickblock	851	339	30700	2484			27 896	211000
0.0	Data Trading	45	108	310	12	1817	1861	942	2400000
0.0	Cryptobnb	304	476	5648	88			20 922	84100
0.0	ConnectJob	121	27	6289	85	25082	25182		118000
0.0	Giftcoin	183	191	1942	123	6376	6454	2 540	1210
0.0	WELL	462	1326	2407	577	7843	8154	14 841	3640
0.0	Flashmoni	247	746	9040	3568	7545	7993	1 683	54400
0.0	Verasity	853	247	11600	522	282961	283224	48 793	651
0.0	ADPUMP	181	4763	1911	46	171	185	684	59300
0.0	Sharpay	178		2819	105	3995	4108	5 065	111
0.0	Foxtrading	1699	157	13200	181	3380	3414		320000
0.0	The Memessenger	23	3	220				446	614000
0.0	Godzillion	568	517	684	964	712	728	171	64900
0.0	UDIAR	73	48	391	351	1584	1610		1480000
0.0	Snovio	575	16	10700	536	46956	47186	18 139	175000
0.0	Credits	1057	150	57500	875	54349	58556	82 506	368000
0.0	CoinPoker	1153	60	4736	901	30429	31042	4 888	145000
0.0	Node	153	165	3228	2	5784	5850	1 433	19000
0.0	Savedroid	1280	564	9533	3319	15353	16179	44 510	71600
0.0	Vezt	846	163	5255	1358				4610000
0.0	VALID								3040000
0.0	amon	121	43	2487	35			6 611	4310
0.0	Invacio	1410	1920	3738	846	9862	10017	10	189000
0.0	GIFCoin	136	66	2356	69	6655	6796	5 285	149000
0.0	LESCOVEX	315	185	1316	247	1367	1375	640	18300
0.0	Authoreon	125	310	5006		2963	3262	960	546000
0.0	ETHLend	817	2120	46700	398	25038	25750	18 554	246000
0.0	European Crypto Bank	437	4133	8859	612	7277	7643	6 096	1130000
0.0	Dimcoin					55398	55857	3 216	161000
0.0	ErosCoin	103	67	1707	99	16809	16991	654	1030000
0.0	Cryptopus	107	28	1305	32	60	68	2 043	34000
0.0	Beluga Pay	203	2	3630	52	3136	3370	13 397	347
0.0	Triwer	78	1435	12500	41	11081	11557	84 195	7370000
0.0	DataBrokerDAO	725	2230	4101	486	3532	3678	12 422	56600
0.0	Devnetwork	78	126	135	12	10841	10852	593	2410
0.0	aldoin	8		19		405	423		143000
0.0	iBuildApp Network	1964	56	4068	52	28605	28449		16500
0.0	SMSchain	156	173	445	79	1451	1571	1 081	2140
0.0	Ellcrys	102	6	3849	2	27236	27495	3 229	8
0.0	Open Source University	726	651	1860	859	5268	5322	51 476	295000
0.0	Ponder	1426	1631	1240	2963	2734	2715	18 421	9
0.0	BestMeta	165	313	15600	191	2356	2396	10 057	39600
0.0	CyberTrust	109	667	1574	97	5267	5298	1 317	146000
0.0	TeleX AI	89	472	513	360	224	239	576	175000
0.0	Morpheus Network	269	1685	6421	122	8477	8617	12 655	160000
0.0	LakeBanker	261	188	316	197	110	123		133000
0.0	WandX	885	3011	4126	694	2881	2906		156000
0.0	Smartone	120	24	1388	74	306	336	636	46
0.0	Cashaa	1020	101	11400	4736	16063	16734	7 291	181000
0.0	RightMesh	840	2659	27600	8145	715	778	6 631	409000
0.0	Bitcoin White					15	18	15 080	874
0.0	Presearch	2		38		4610	4893		183000
0.0	HydroMiner	124	89	3403	44	8445	8779	2 708	42700
0.0	Bitcomo							3 830	1 result
0.0	Tokenomy	1	1	55		5954	6187	4 473	159000
0.0	CloudMoolah	216	196	1311	179	1630	1692	19 011	49500
0.0	DIW Token	217	169	7213	70	5972	6231	37 627	83900
0.0	MediBloc	419	59	8493	1028	115501	116080	5 580	187000
0.0	Ccore	259	206	3316	615	1793	1846	1 912	690
0.0	Stater								22
0.0	Paymon	242	16	9325	109	6689	7432	9 114	345
0.0	Epocum	88	44	3713	136	1158	1169	3 215	
0.0	Fiancia	75	20	10000	185	9680	10158		5030000
0.0	Iconiq Lab	370	111	26100	370	1621	1684	29 035	30800
0.0	QYKBAR	102	17	1226	1				74400
0.0	Merculet	153	5	32000	2	3026	3188	12 169	130000
0.0	Photochain	670	45	5417	612	22245	22308	39 071	103000
0.0	Vaultbank					1968	2026	1 923	64500
0.0	EMU project	87	37	421	35	774	774	968	3970
0.0	Elementh	488	11	6522	122	5044	5509	32 803	395000
0.0	Flux	154	25	3976	1	11536	11672	44 397	58
0.0	Leadcoin	4199	645	1617	43	155	156	12 325	124000
0.0	Zebi	382	83	17300	167	18837	18986	14 453	150000
0.0	Worldopoly	296	107	10700	305	9218	10249	47 332	112000
0.0	MyBit	568	233	7181	451	1666	1806	69	162000
0.0	bitJob	907	1482	6861	116	8997	9204	2 206	427
0.0	Mandarin	30		1185	1	791	851	223	298000
0.0	Request Network	236	17	42000	65	4072	4725	13 554	399000
0.0	Debitum Network	342	348	8185	331	19233	20009	12 919	176000
0.0	Swissborg	1382	438	11100	603	32472	33621	4 707	170000
0.0	Darfchain	138	40	346	241	661	701		2930
0.0	BunnyToken	131		2020	14	1146	1248	12 711	132000
0.0	Betex	356	691	4203	1	435	460	14 935	78
0.0	AIcoin	1062	43	1013	29	607	682	325	445000
0.0	Anryze	74	265	3623	10	6207	6451	483	179000
0.0	HIPE	47	69	1806	24			245	403000
0.0	fidentiaX	274	64	3930	139	1916	2014	2 394	139000
0.0	SophiaTX	554	601	16200	334	40570	40775	5 412	192000
0.0	Eticket 4		25	32	2	1817	1919	1 149	4
0.0	Luxcess Group	151	1278	3776	602	2826	2913	448	6070
0.0	Tradershub	117	2254	7375	129	644	686	2 666	52100
0.0	Crypton VC	36	13	152	158	806	810	13	122000
0.0	Evareium	543	1944	1102	272	2047	2117	12 035	51300
0.0	LikeCoin	95	144	2796	45	4038	4144	19 013	9680000
0.0	CyberMiles	422	139	297000	217	222848	221628	64 243	187000
0.0	TIM	1093	26	5321	563	4241	4514	8 165	2440
0.0	The Forge Network	80	50	758	23	6023	6056	845	131000
0.0	Robotina	481	348	6072	58	7756	7988	6 009	39900
0.0	SprintX	374	243	7461	1317	2983	3107	36 730	144000
0.0	CargoCoin	268	13	1391	109	10766	10772	617	31900
0.0	Zen Protocol	196	39	2571	311	6416	6529	6 737	216000
0.0	Handelion					355	370	280	49200
0.0	Adbank	836	42	6399	867	4594	4851	6 530	58
0.0	GymCoin	59	1868	410	611	106	113	306	5
0.0	Everex	513	825	14000	423	7053	7384	4 543	188000
0.0	Ab-chain	208	65	594	13	22885	22922	2 482	352
0.0	Helbiz	213	17	23500	826	58739	59739	21 209	163000
0.0	IZX	178	40	13000	267	9281	9616	2 415	383000
0.0	Digital Way	229	52	117	64	88	92	2 956	1570000
0.0	MEXC	1227	671	922	733	9669	9659	6 576	115000
0.0	SOLAR DAO	265	3084	1158	241	1968	2093	689	282
0.0	EventChain	455	917	31500	376	1507	1555	62 935	169000
0.0	Mirocana	101	1	1850	127	7728	7943	134	45900
0.0	Startima	32	1	1489					
0.0	ClearCoin	370	17	8518	1368	4694	5300	23 792	105000
0.0	SureRemit	287	46	4491	71	2845	2889	2 054	126000
0.0	Marginless	137	13	13200	38	7857	8187	16 307	164000
0.0	BolttCoin	1641	1961	32400	952	51813	52817	64 119	25100
0.0	Lucyd	1032	2086	12000	936	147968	148184	5 370	83600
0.0	Nimfamoney	43	76	1726		891	947	605	48600
0.0	BlockMesh	519	10800	14900	1073	2415	2466	5 165	124000
0.0	CashBag	5084	108	6513	45	8751	8875	997	185000
0.0	Bitcoinus	189	12	7753	181	12626	13051	6 633	9680000
0.0	Iamhero	53	6	3241	1	2476	2558	2 270	1 result
0.0	Orbis	115	48	2878	16	2735	2800	3 111	344
0.0	BGX	293	14	3085	23	6675	6793	5 839	775
0.0	Agrello	777	1831	14200	945	4308	4532	4 789	211000
0.0	carVertical	8		2	4	19107	19916	13 078	177000
0.0	Coinplace					10993	11012	3 893	67300
0.0	VICoin	399	1165	676	76	14033	13915	506	9680000
0.0	Pikciochain	293	365	6453	1112			7 331	108000
0.0	VeriME	231	396	6896	10	122920	123025	37 010	28000
0.0	Aeron	270	36	29400	6	3829	4043	18 845	156
0.0	Datum	1312	2847	36400	534	33916	34289	7 642	223000
0.0	doc.ai	1188	831	2836	825	636	726	1 163	2460000
0.0	Raison								1180
0.0	PlayHall	677		1885	79			4 243	154000
0.0	Playbets	50	22	3110	191	1503	1556	968	80400
0.0	Cash Poker Pro	108	8	863	48			1 503	103000
0.0	BitRent	284	2241	5671	363	4653	4894	12 342	332000
0.0	Stamps	7	1	224	4			30	170000
0.0	JoyToken	6	23	5	14				132000
0.0	RewardMob	869	6363	4805	1091	37951	38015	19 029	46000
0.0	Futourist	173	913	4425	84	6006	6169	7 627	61600
0.0	Dragonglass	83	14	570	13	1649	1708	1 309	47400
0.0	Valorem foundation	737	13100	15400	4679	2175	2264	15 774	26500
0.0	Modex	948	777	8121	832	17209	17386	29 490	100
0.0	Native Video Box	597	150	301	2307	1372	1387	4 424	1050
0.0	Globatalent	734	200	10200	363	1367	1424	25 135	135000
0.0	daseron	100	1008	353	72	138	147		
0.0	ExsulCoin	72	100	1953	7	828	843	92	6230
0.0	OriginTrail	861	534	11700	1763	2429	2585	10 026	151000
0.0	The Bee Token	794	1706	35800	736	86535	88982	32 883	226000
0.0	Karma	108	44	1094	27	1339	1471	855	986
0.0	KickCity	237	125	6640	192	27848	27898	7 309	81700
0.0	Biocoin	1286	428	1279	3102	980	1141	320	556
0.0	Hdac	65	1	3886	6	10738	11353	3 859	108000
0.0	Shopin	774	948	1737	748	1213	1272	12 312	1170
0.0	Chatello	30100	482	10600	347	37191	37168	265	3400
0.0	MeetnGreetMe	1332	639	3168	355	11731	11847		46200
0.0	Mango Startups	78	185	190	63	169	175		272000
0.0	FLOGmall	322	5	6855	3516	3347	3529	6 355	178000
0.0	Alttex	174	1442	10200	8			13 701	34300
0.0	Akaiito	74	74	12100	1	22773	23944	14 571	79100
0.0	iOlite	211	506	1165	803	427	458	6 443	534000
0.0	Eira Cube	229	1996	6463	1348	1550	1603	21	90900
0.0	Airpod	258	114	7038	1632	13733	14271	17 537	361
0.0	Cobinhood	1106	317	52500	818	21990	23176	12 506	239000
0.0	Exenium	135	1	1051	31	4094	4268	2 548	71000
0.0	Revain	643	201	6395	283	104286	104505	6 254	212000
0.0	Ignite Ratings	715	69	14000	65	1561	1616	5 304	332000
0.0	LiveTree Adept	4201	837	8537	15600			3 764	162000
0.0	Carboneum	138	69	19800	11	9291	9546	1 631	386
0.0	Miner One	76		1091		24002	24408	7 579	635000
0.0	PumaPay	552	437	4496	2986	3040	3201	16 741	39000
0.0	SGPay	85		929	81	2949	2986	11 663	2
0.0	Market.space	608	134	854	524	1334	1448	11 545	7640000
0.0	ChronoBase	11	26	152	2	3845	3842	1 907	136000
0.0	Bitxoxo	643	51	4665	93	31542	31599	83 285	238000
0.0	OpenZen	59	1761	849	12	6319	6235	59	132000
0.0	FIXY Network							45	405000
0.0	ZPER	147	29	7180	81	11444	11487	15 011	137000
0.0	Publica	877	769	5156	459	6439	6516	1 237	586
0.0	WordCoin	97	2	1903	3	2570	2717	882	193000
0.0	Inspeer	94	107	2058	17	1832	1953		61500
0.0	Cube	999	2386	4702	1232			1 579	94
0.0	Coinhealth								6950
0.0	TokenGo					6758	7059	2 512	131000
0.0	Camonroad	20	16	30	15	436	444	32	4050
0.0	Sharpe Capital	186	1676	2909	818	1491	1582	2 654	210000
0.0	FCFL	3744	1036	3649	822	18363	18380	43 020	106000
0.0	Rentything	166	775	1444	50	324	332	654	1430
0.0	Puregold	2	1	125		2055	2078	2 197	15000
0.0	Cubaaz	459	127	151	386				33500
0.0	Otppay	175	166	5002	103	509	548	755	87800
0.0	BeOne	68	25	1916	2	1257	1324	86	2640
0.0	KexCoin	127	447	3978	967	3585	3669	306	55900
0.0	Unilot	80	289	2810		238	253		6
0.0	AdSigma	208	86	7382	23	1947	2057	24 671	69200
0.0	InsureX					1432	1589		481000
0.0	Litra Coin	326	1	707	156	235	244		219000
0.0	Moms Avenue								417000
0.0	CrowdCoinage	102	795	2976	21	6936	7044	7 274	146000
0.0	Engagement Token							2 135	202000
0.0	Medichain	869	1584	4560	123	14484	14723	16 491	28700
0.0	AdBlurb	63	20	1678	2	575	604	1 457	21100
0.0	Bonkers							6 514	28600
0.0	Shopiblock	159	657	25600	169	20920	21905	29 389	9380
0.0	Neblio	180	799	39900	158	45958	46125	477	261000
0.0	DCX					13754	13767		88
0.0	HERO Token	658	1	2329	83	1150	1266	6 913	513000
0.0	PayPro	490	2848	15300	565	2023	2098	2 656	132
0.0	Power Ledger	3492	2969	86300	2497	20612	22641	16 317	388000
0.0	WishFinance	82	3060	2800		2759	2891	581	141000
0.0	AdMine	127	41	920		10002	10027	207	73
0.0	APPICS	241	61	3863	327	3558	3697	19 923	3040000
0.0	GoChain	542	98	4273	1264	3821	3875	8 835	463000
0.0	The Deal Coin	431	125	9821	349	545	571	13 795	8270000
0.0	FundCoin								522000
0.0	Rpay	156	41	2204	10	66140	66150	256	300
0.0	Rhea								29600
0.0	Enjoy life	75	1782	2215	2	1046	1096	1 279	169000
0.0	Thrive	158	1339	5830	39	28304	28530	35 091	215000
0.0	Equitybase	76	37	13700	31	11423	12516	15 166	62000
0.0	Safinus	73	67	1502	17	5657	5694	3 927	104000
0.0	Property Coin	322	2160	1610	401	677	710	2 555	512000
0.0	ArchiCoin	36	2	5243		5298	5488	5 648	41900
0.0	ODMCoin	191	116	963	191			2 760	118000
0.0	Synapse	845	471	21900	994			32 240	181000
0.0	Nitro	609	2147	3836	1845	21543	21646	92	6030
0.0	Smart holdem	386	1250	3865	183	2358	2400	1 750	388000
0.0	Relakes	17	26	117	6				150000
0.0	Zabercoin								134000
0.0	eGold	196	837	3227	315	1362	1451	2 011	75100
0.0	Skraps	596	3012	5130	4972	4950	5124	12 378	59500
0.0	Lightcash	70	812	12700		11454	14362		53300
0.0	Monkey Capital								224000
0.0	Multibot	72		789		570	625	379	271000
0.0	Buron	21	83	332	42	386	404	271	422000
0.0	Mining now	112	11	12		19	25		283000
0.0	charitySPACE	35	790	274	27	955	957	52	288000
0.0	Oris.Space	35	17	109	4	1978	2067	2 009	137000
0.0	Utemis	171	362	1913	5	1927	1995	2 158	38200
0.0	Real Casino	40	530	3847		5182	5259	693	565000
0.0	KWHCoin	1909	47	9347	1122	2959	3175		24200
0.0	Rexpax	117	239	1288	109	547	568	353	41900
0.0	BlockNubie	6923	3185	2846	6441	829	807	23 168	32800
0.0	CellBlocks	38	23	10500	5	1139	1318	5 418	180000
0.0	Zloadr	2684	4	27800	178	93911	94235	59	17300
0.0	CoinCrowd					6428	6504	43 411	10200
0.0	Earth Token	504	3435	15800	128	13029	13578	53	414000
0.0	Smartlands	165	147	2047	30	1523	1595	1 742	145000
0.0	Fund Platform	100	70	619	28	569	614	1 210	6200000
0.0	Blocksquare	16000	5898	13600	357	578	594	8 123	17300
0.0	Save Environment Token	53	160	25100	6	22339	22371	51 688	326000
0.0	Coin Loan	203	23	1227	171			2 352	1290
0.0	BeefCoin	115	93	246	20	2557	2591	127	1
0.0	EVEN	94	18	169	1	6437	6463	5 112	3910
0.0	BREM	24	220	2856	127				5
0.0	Popultrade	173	479	467	267	468	489	859	1160
0.0	Capdax	62	27	6743	29	49312	49438	3 215	47000
0.0	Follex	57	29	6608	190			6 575	
0.0	LanceChain	57	146	1527	57	27977	28017	3 149	63900
0.0	Altumea	39	66	525	12	5038	5122		2350
0.0	CryptonsGame	97	100	4040	5	3638	3777	17 138	39100
0.0	INDICOIN	773	61	21800	738	14857	14987	1 639	5340000
0.0	ABR	20	585	251	1	14	17		30500
0.0	Injii	7140	9237	11200	1851	4207	4199	762	1620
0.0	Fiinu	72	15	5044	40			41	58700
0.0	BananaCoin	414	597	1913	246	1357	1445	1 917	9
0.0	Etheera	144	1038	830	31	10539	10569	6 932	5660000
0.0	ITOB	33	1	68		105	107	134	113000
0.0	SINTEZ					566	611	323	6
0.0	BCDiploma	470	16	2227	268	64	74	1 154	68100
0.0	Electrify.Asia	452	573	6103	508	9616	9717	8 679	147000
0.0	Bob`s Repair	628	2138	50000	1999	45807	47749	54 012	573
0.0	CryoGen	83	135	2268	50	2556	2659	1 920	9
0.0	Rate Date	96	4233	742	147	202	210	380	35900
0.0	Blocksale					117	126		1930
0.0	Payfair	139	54	2286	47	613	649	3 293	175000
0.0	Synthestech	207	55	3620	1712	20872	21106	3 627	68600
0.0	Noxbox	167	33	3348	61	1988	2190	5 124	72900
0.0	ySign	78	1592	1074	170	370	386	662	13100000
0.0	LivingOffset	912	2424	4210	1261	3836	4035	11 126	2340
0.0	Fidcom	102		594	1	389	407	142	326000
0.0	Peculium	1264	10100	16000	348	2370	2486		143000
0.0	ECOMCASH							2 983	105000
0.0	Fire Lotto	137	9	2830	55	2444	2660	6 704	141
0.0	Enlte	15	19	821	8	4876	4950	30 409	94400
0.0	Root Blockchain	117	61	23500	83	19465	19892	12 362	356000
0.0	WeGold	186	82	20300	18	2915	2947	22 955	75200
0.0	XMoneta	420	59	6241	415	27597	27643	17 733	69800
0.0	Deepwater	36	1	760		9771	9793	713	86600
0.0	SmartO	288	27	3978	76	3434	3661	8 877	3590000
0.0	SPINDLE	84	15	24000	13	21880	25011	28 395	148000
0.0	Tokia	62	33	1701	33	21954	22330	7 952	133
0.0	DomusCoins	63	100	711	70	10417	10466	2 264	137000
0.0	AlibabaCoin	149	103	6411	112	11375	11486		298000
0.0	HostCoin	358	138	1764	467			545	
0.0	LoanBit	80	4	11500	28			9 920	5900
0.0	Aamicoin	29	36	21	29	33	34	14	403000
0.0	GN Compass	197	352	777	56	6439	6462	2 922	5
0.0	Bronix					9872	9887	1 555	97600
0.0	Hedge Coin Capital	73	233	223	143	574	583	425	445000
0.0	XSEARCH	47	32	3359		1405	1445	4 864	2410000
0.0	bitpoker	76	272	1450	31			78	518
0.0	Betstreak	105	94	1811	76	801	949	248	38400
0.0	Luckbox	1		5		7157	17750	18 042	336
0.0	OLXA	5659	8183	8601	10600	3053	3162	4 983	248000
0.0	QWIQQ	1	7	29		10022	9773	678	2240
0.0	Countinghouse	334	572	1205	26	2487	2521	3 818	93100
0.0	Consentium	95	30	9592	13	19144	19532	17 777	142000
0.0	REALT	37	350	296	176	68	74	131	102
0.0	Uservice	189	45	705	22	2614	2816	1 355	
0.0	Kelta	4582	229	23900	337	17434	17996	48 997	362000
0.0	Wixlar	269	1639	1570	404	373	387	9 038	46000
0.0	Adshares	182	583	2261	20	222	274	1 143	182000
0.0	Solomon Exchange	429	1337	3394	32			1 422	6540
0.0	TerraMiner	421	2	1153		77993	78825		82800
0.0	Crypto Fund	2	1	31		47	55	33	35700
0.0	Hope token	28	9	109	1	4838	4841	6	711000
0.0	Tribetoken	17	2	955					157000
0.0	Scrinium	229	105	1577	61	7000	7095	1 027	4500
0.0	Go Help Fund	97		642	35	845	873	920	774000
0.0	FAIMA					608	689	1 781	4
0.0	Blok	268	26	29000	451	2698	3075	3 900	3620000
0.0	Autoria	328	369	734	74			54	10 results
0.0	300cubits	334	1291	26200	38	18382	20880	23 211	5
0.0	Utrum	315	105	5250	359	4094	4187	9 787	1070
0.0	ModoView								472
0.0	Frasindo	541	55	2661	38	1828	1927	2 855	57400
0.0	VOTES	35		224		5198	5209	8	479
0.0	Okolofutbola	3	51	30		1872	1845	65	849
0.0	BitIndia								74200
0.0	BIG Token	202	601	590	178	822	851	690	12800000
0.0	DPLAY	95	330	334	96	1187	1192	119	2600000
0.0	SandCoin	146	16	1028	6			389	314000
0.0	MindLink	28	9	604	1	1010	1033	827	3280
0.0	SilverBit	133	2871	571	1	52	58	119	370
0.0	NetworkUnits	86	18	432	14	546	583	776	516000
0.0	DRIVR Network							1 225	433000
0.0	Bcharity	118	8	10600	253	10110	10831	12 101	321000
0.0	GoldMineCoin	9	7	21	8			263	521000
0.0	Vice Industry Token	3110	4556	11800	3833	8512	8809	9 654	250000
0.0	ICO HeadStart	111	834	1286		3259	3468	62 942	225000
0.0	CrowdDrive		27	534	2			50	175000
0.0	Sosnovkino								127000
0.0	FreelancerCoin	183	214	2317	56	5313	5360	99	4310
0.0	Graz	3		1029		119	124	140	88100
0.0	Startions	15	4	751	1	1103	1149	1 354	5580000
0.0	Qompass	173	23	24600	16	12642	14784	44 350	35500
0.0	Amorito	9	4561	4221		526	533	35	4 results
0.0	Cardium	67		3008	3	3737	3759	2 163	65
0.0	Goldea	69	18	289	16			130	515
0.0	Vestopia	163	409	1556	6				1560
0.0	Bloomzed	35	1	841		1342	1402	77	1
0.0	Dynatiq	24		2026	8	15178	15173	795	385000
0.0	Zeus							772	976
0.0	Salt coin	22		710					336000
0.0	MOKENEX	116	62	1140	19	161	168	80	2020
0.0	MilkCoin	35	17	624	3	1044	1126	439	534000
0.0	Landcoin	2	5	20					98000
0.0	Pitch Apply	200	4685	6647	360			1 927	354000
0.0	Adsily	9	6	278	14	151	154	3 552	1920000
0.0	Bithium	61	97	173	8	290	305	874	376000
0.0	CoinSpark	89	45	1289	219	3651	3667		13900
0.0	Petro	1	4	3978		1660	1890	310	17900
0.0	Sintec	24		121		198	211	1 155	249
0.0	LOOPX	1		6				147	241000
0.0	Denaro	44		3437	42	2893	3057	635	494
0.0	IAGON	3963	776	4567	4849	33226	33418	29 015	4340
0.0	Ubex	352	92	49900	449			99 997	95200
0.0	FTEC	233	91	30400	15	27197	28699	39 606	53700
0.0	Profede	279	14	37700	206	19415	19517	42 779	
0.0	Alt.Estate	325	293	6640	6	5357	5563	76 608	21900
0.0	SKYFchain	165		4706	5	3948	4142	7 808	105000
0.0	Streamity	211	154	6623	83	11323	11601	5 663	298000
0.0	FIC Network	240	636	2464	2989	369	407	7 335	668
0.0	Crowd Machine	642	1113	5533	704	2405	2603	5 765	381000
0.0	MyCreditChain	111		357	9	10642	11024	21 964	46400
0.0	Loyakk	415	446	24500	74	3183	3185	89 618	118000
0.0	Kasko2go	246	59	17400	13	16126	17274	23 223	3
0.0	Luckchemy	126	1215	15000	153	6875	7190	24 882	35200
0.0	Whyral	79	38	1424	10	13268	13260	18 023	13100000
0.0	Phoneum	160	8188	13700	116	23556	24226	11 742	650000
0.0	TraXion	323	35	16100	87	16284	16799	39 109	108000
0.0	Deedcoin					485	517	4 626	76100
0.0	TV-TWO	496	10	3935	118	5155	5360	10 964	3370
0.0	Viva Network	345	431	16600	1499	15087	15679	106	454000
0.0	Vernam	176	68	16400	63	36288	37875	39 779	980
0.0	ZetoChain	123	80	22800	56	16170	17012	42 299	6100
0.0	Baanx	958	6254	8619	936	7240	7259	11 441	983000
0.0	Belotto	63	272	5497	41	7575	7705	7 034	209
0.0	CoVEX	353	12	3237	364	2545	2657	5 701	8
0.0	Curaizon	55	14	23	16	15	17	101	40900
0.0	Blockshipping GSCP	608	1551	10400	557	3782	3888	12 978	163000
0.0	Disciplina	235		2780		6206	6263	6 733	29700
0.0	PEP Network	501	4	2540	390	113222	113277	7 797	375000
0.0	Railz	158	53	18200	1247	6180	6369	19 366	35
0.0	FarmaTrust	2122	589	2990	421	3934	4053	9 290	89000
0.0	ROOMDAO	268	3382	15500	516	6773	7204	19 586	193000
0.0	CryptoAds	893	7684	35600	25	17825	17567	3 390	67500
0.0	Prontapay	75	545	14300	328	3366	3455	16 528	15900
0.0	AI Crypto	45	45	13700	42	14827	15594	25 333	2060000
0.0	BitNautic	117	137	7265	118	82219	82307	81 296	71800
0.0	GAGAPAY NETWORK	217	137	22900	280	8935	10119	31 990	152000
0.0	OFNOG	52	2	2610	16	4747	4810		42500
0.0	Kepler Technologies	180	4	33700	100	43511	44417	85 583	149000
0.0	SOFIN	150	3	1966	100	1324	1457	39 208	327
0.0	Acomobase	2	2	27				66	1120000
0.0	Blockchain Ventureon	1007	5394	6426	394	1158	1224	1 020	80800
0.0	CoinPayo	51	287	1436	28				74500
0.0	LIghtBitAtom	81	77	1045	3	4649	4741	7 330	1 result
0.0	Dafzo	109	1	3814	5	4028	4221	5 370	2840
0.0	Cryptohawk	34	17	3173	15	12096	12189	10 474	9460
0.0	Universe of Masters	42	15	1760	4	211	217	297	251000
0.0	Moneda	17	3	14100	243	2069	2163	19 070	195000
0.0	Fractal Token	63	2967	2090	36	263	283	2 263	122000
0.0	Borneo First	67	262	2128	82	2156	2186	4 787	141000
0.0	StoneToken					178	184	30	304000
0.0	PAVOCOIN	567	136	2708	46	1846	1911	59 765	105000
0.0	OSA DC	151	21	1102	21	18783	18821	13 334	27
0.0	SilkChain	1918	29	20000	186	80009	79896	97 327	84200
0.0	Zichain	244		5676	58	30420	30571	6 947	106
0.0	NWP Solution	309	924	3636	681	3462	3596	3 725	117000
0.0	Yumerium	325	4524	6997	79	3841	3934	19 414	116000
0.0	Arround	242	2009	3128	104	1186	1214		13400000
0.0	Cryptics	716	82	8766	414	6143	6573	20 057	458
0.0	MillionCoin	156	154	305	154	451	468	3 464	1410000
0.0	EthicHub	446	1243	11500	1060			13 841	46500
0.0	Paytomat	338	55	2162	1389	9488	9685	5 801	151000
0.0	EXMO Coin	2972	74	12900	267	14552	18981	2 595	8350
0.0	Bountie	391	134	2978	131	5214	5425	23 111	2450000
0.0	Plentix	423	412	6757	37	10669	10893	8 175	1230
0.0	IMIGIZE	58	2401	2664	29	1462	1481	1 597	40700
0.0	Sudan Gold Coin	193	164	3539	58			30 701	107000
0.0	UnitedFans	338	3444	5642	98	2499	2502	4 441	442000
0.0	MoneyByDesign	523	532	7208	242	117	125	275	907
0.0	OpenAssets							187	16800
0.0	Golden Currency	54	2063	6879	10	6310	6534	7 554	1370000
0.0	ECOS	189	192	275	165	1095	1107	2 478	358000
0.0	Rebons	30	85	1213	15	7	7	6	368000
0.0	monetha	421	62	19100	312	7768	8512		206000
0.0	Cryptopay	1240	1632	8820	348	14837	15570		405000
0.0	trackr					695	747		38700
0.0	TenX	1577	62	142000	1158	31420	35304		377000
0.0	Reality Clash	555	1002	5193	2035	45138	45153		20
0.0	Starta					1501	1640		5680
0.0	Bread	1		14		13	14		629
0.0	SynchroLife	243	1785	1957	510	405	453		37600
0.0	Electroneum	1153	208	127000	397	136628	152548		588000
0.0	Blocklancer	385	11	9035	207	21307	21714		135000
0.0	DENTALFIX	64	386	393	13				94300
0.0	Lampix	948	788	3407	982	5915	6122		175000
0.0	CombiCoin	56	39	2869	4	890	966		11900
0.0	Etch	725	2082	1663	713	208	247		2230
0.0	Soma	706	427	5563	404	3278	3425		210
0.0	stuffgogo	685	4811	3982	236	606	636		33500
0.0	HoToKeN	163	300	9657	198	53251	53376		17400
0.0	Horizonstate	575	15	10400	348	3460	3616		631
0.0	CoinDash	10		594		4829	5369		164000
0.0	NaPoleon X	2460	2802	5557	1254	7078	7207		77600
0.0	Hive Project	620	254	7733	225	2769	2903		322000
0.0	Centra	905	399	21200	1270	116969	117423		4760
0.0	PayperEx	810	105	3357	402	1680	1802		47900
0.0	ONZ Coin	414	2131	961	2084	6276	6315		132000
0.0	Acebusters	320	276	316	378	228	246		50800
0.0	Grant Hero	56	1201	817	89				146000
0.0	AML Bitcoin	1167	12400	8919	1868				367000
0.0	Umbrella Coin								170000
0.0	Signals	508	397	24300	519	18659	19744		586000
0.0	Peerity	153	105	1238	25	339	349		179000
0.0	Proof Suite								78
0.0	u.cash	1352	31200	36100	5878	223421	224297		1930000
0.0	etherparty	1	2	2		2288	2484		193000
0.0	Triforce Tokens	1063	701	4043	346	3311	3384		82800
0.0	EZMarket	32	5	172	3	149	160		370000
0.0	Tokenlab	2425	1607	28700	4620	30782	30795		12200
0.0	A-Token	33	19	79	44	67	70		6770000
0.0	Indorse	794	238	9072	426	10173	10341		499000
0.0	Hedge Token	612	693	3764	69	3183	3281		467000
0.0	Decentraland	569	179	37300	851	5560	5979		252000
0.0	BalehuBucks								82000
0.0	Dentacoin	867	487	18000	336	35365	36343		236000
0.0	Coinseed	317	124	1414	1292	2024	2107		122000
0.0	LoyalCoin	1949	2039	7081	1726	56551	57034		106000
0.0	VibeHub	419	2885	21300	258	1350	1519		29400
0.0	BullToken	280	24	472	183	23342	23417		12800
0.0	Kuna	259	51	1225	74	1596	2306		5150
0.0	FUJINTO	27	19	958	23				169000
0.0	tokenstub	12	1	793	502				2120
0.0	Jincor					1064	1161		159000
0.0	HAZZA	129	101	961	909				4750
0.0	Pecunio	391	252	18200	470				49
0.0	Cryptaur	1	45	32					108000
0.0	CryptoAlias	30	68	435	8				183000
0.0	HeartBout	88	5	2238	8				
0.0	KahnChat	68	3	4964	5				38100
0.0	Golden Fleece	257	865	634	188				247000
0.0	PayPie	205	1	7819					190000
0.0	VuePay	80	31	277	86				955
0.0	RootProject	324	344	3918	375				556000
0.0	Sandblock	156	54	12400	244				276000
0.0	Arcade City	430	2843	5236	1404				7300
0.0	Afterschool	7332	3256	3014	851				250000
0.0	EasyMINE	318	279	6744	55				32900
0.0	Protostarr	55	73	599	88				6400
0.0	Bookira	6		616	2				
0.0	Global ICO Fund	185	4766	2183	191				41200
0.0	Notary	50	22	2767	44				146000
0.0	Witcoin	162	812	362	171				
0.0	miBoodle	714	198	179	32				57600
0.0	Anacoin	472	1212	2491	451				311000
0.0	DOFT	28000	27	770	38				455000
0.0	Bill&Go	4	13	86	4				10 results
0.0	Intellium	67	15	150	10				40300
0.0	Target Coin	645	107	1636	155				1080000
0.0	tomahawkcoin								38600
0.0	HASH RUSH								1830
0.0	Mithril Ore	397	43	10700	1024				164000
0.0	DetectorToken	99	15	1197	25				18600
0.0	MCX	15	2	28					18500
0.0	VALUS								3420000
0.0	Techspecs	90	5	11800	1				39400
0.0	SRCoin	76	49	839	477				171000
0.0	Tokenza	36	61	4334					6360000
0.0	Vote Coin	25	9	1658	4				544000
0.0	WesterosToken								451000
0.0	TOR-Q-ALL								39400
0.0	TRIPBIT	138	20	601	42				12500
0.0	Crypto Nâ€™ Kafe	416	2	832	1				232000
0.0	AMPLE!	4422	3054	10300	243				247000
0.0	Sooloox	54	6	71					897
0.0	PriorityEx	65	4710	2724					253000
0.0	STASH	120	29	3594	5				412000
0.0	SmartBillions	53	849	1775	31				53200
0.0	StayAllied	17	495	164	3				1180
0.0	Relest	49	25	2887	6				1 result
0.0	Bond	865	1411	697	44				394000
0.0	AQUA Rights	85	1155	291	113				160000
0.0	Ziber	96	320	96	2				413000
0.0	COINANX	44	1	13500	13				8470000
0.0	RICH Coin								496000
0.0	Cryptectum	86	42	1226	75				205000
0.0	Coinless	97	479	104	502				53400
0.0	BioPayCoin	14	1710	256					9090000
0.0	Sportience								2000
0.0	Biafracoin	30	74	35	10				94100
0.0	Talenter	2279	22600	20700	2134				402000
0.0	Shivers	77	36	242	25				326000
0.0	World peace coin	6	47	11					40800
0.0	LuckyToken	199		155					431000
0.0	REcoin								1230
0.0	Minery	54	6	695	40				4290000
0.0	CoinAdvisor	63	184	3186	27				53100
0.0	CVerification	45	40	106	4				186000
0.0	VectorZilla	149	29	889	9				5180
0.0	AraneoBIT	151	258	335	93				
0.0	Eristica	2950	18	4074	1151				49700
0.0	LIQUID								306000
0.0	Viuly	277	199	6204	325			6 413	207000
0.0	AirToken	456	206	5662	229				161000
0.0	Datawallet	407	47	5661	928			5 978	150000
0.0	Po.et	881	46	33300	557				1200
0.0	Modum	541	187	14600	403				207000
0.0	Swarm.fund	368	1821	8257	1600			3 817	157
0.0	Rockchain								8830000
0.0	Hearthy	49	970	1412	12				55200
0.0	BlockCAT	878	135	7917	641				165000
0.0	Spheris	87	175	1275	3			127	387000
0.0	ANONYM							236	503000
0.0	Populous	588	37	23700	52			1 283	236000
0.0	Quantstamp								235000
0.0	WOLK	178	903	751	478				28
0.0	Transmission	58	3	1453	4			186	199000
0.0	GoNetwork	73	67	50000	169			64 124	75300
0.0	Kyber.Network	1223	547	87300	1620			11 672	192000
0.0	Stox	796	109	14500	2180			14 909	533
0.0	TEND	1837	931	3536	1169			1 291	226000
0.0	Dragonchain	1983	20	76600	3000				253000
0.0	PROPS	234	295	6790	240			6 586	639
0.0	Medicalchain							26 110	170000
0.0	KNOWS								17300000
0.0	TrustedHealth	14600	4604	11600	248			8 518	77800
0.0	Windingtree	747	489	5000	608			6 592	6
0.0	Caviar	375	382	3093	410			2 174	78900
0.0	Librium	13	180	908	1			674	51900
0.0	Wireline	1065	2211	5448	1708			2 749	19
0.0	Aventus								171000
0.0	Planes Cloud	5		30				28	6140
0.0	Peerbanks	43	30	1070	84			53	5010
0.0	Leverj	272	2857	5259	3518			3 482	183000
0.0	Narrative	583	1524	3094	452			3 949	135000
0.0	Ethorse	154	179	1315	258			2 298	126000
0.0	Sentinel Chain	432	1124	4086	1786			8 689	19400
0.0	Prosume	380	390	1744	259			164	34100
0.0	Stampify	152	302	144	204				28600
0.0	Pluscoin	181	122	1469	223			1 628	179000
0.0	Empire Card	2		36					206000
0.0	New Royals							16	301000
0.0	Fresco	751	623	87100	691			120 199	22
0.0	TensorBit	17	52	198	5				2550
0.0	Exxor	195	283	361	6				8
0.0	DeCoin	8		107	2			70	2550
0.0	Customizable Basic Income	95	61	95	130				97600
0.0	Redpillcoin	155	179	5085	50				216000
0.0	Crowdstart Capital								84800
0.0	CCCoin								8790000
0.0	imperium	1	70	9	1				112000
0.0	Bhotspot								84000
0.0	BTCWALL	13	1	19					449000
0.0	Zupply	161	718	1595	82			380	1450000
0.0	BeonBOX	69	3639	1335	269			8	1040
0.0	GIZA Device							46	1150000
0.0	SpringRole	1332	804	2323	464			59 365	151000
0.0	Clears	65	40	6786	29			12 095	1020000
0.0	EtherInc	154		9655	89			29 489	880000
0.0	HONOR							36	92
0.0	Storiqa							34 531	188000
0.0	Florio							420	71
0.0	kevin.							174	317000
0.0	FinTab							578	233000
0.0	Wowoo							8 211	659
0.0	HireMatch								145000
0.0	Galactikka							246	2380
0.0	SIX Network							6 675	433000
0.0	AAA coin								107000
0.0	Quantum1Net								10 results
0.0	xplay								204
0.0	Scrypto								45900000
0.0	DigiPulse								183000
0.0	Altocar							449	1
0.0	CryptoCopy								13300
0.0	Aditus							12 747	107000
0.0	OpenPoll							41 611	1950
0.0	BitCoen								9680000
0.0	KredX								2300
0.0	SunMoney							5 946	52000
0.0	Chain ID								1290
0.0	NWA								15300000
0.0	redBUX							4 491	289000
0.0	Yield Coin							1 471	257000
0.0	Esonics							70	127000
0.0	MultiGames								144000
0.0	Natcoin								9680000
0.0	FoodCoin EcoSystem							66	541000
0.0	Sun Multiwallet								242000
0.0	Sapphire Coin								483000
0.0	CryptalDash							12 040	103000
0.0	Arbi								365000
0.0	HealthHeart								316000
0.0	Pentacore							14	10 results
0.0	Saske								7
0.0	Ethlottery							80	2 results
0.0	Soferox								86100
0.0	TewTew								22800000
0.0	Dolos								88900
0.0	SOSR							162	5980000
0.0	Xaurum Gamma								74400
0.0	Sexservice								
0.0	Privelege Coin								175000
0.0	HIU Token								441000
0.0	Intro							23 795	223000
0.0	Smart Valley							9 680	1160
